Country,url
 China,https://www.stoneadd.com/China-Stone-Suppliers
 India,https://www.stoneadd.com/India-Stone-Suppliers
 Turkey,https://www.stoneadd.com/Turkey-Stone-Suppliers
 Iran,https://www.stoneadd.com/Iran-Stone-Suppliers
 Vietnam,https://www.stoneadd.com/Vietnam-Stone-Suppliers
 Indonesia,https://www.stoneadd.com/Indonesia-Stone-Suppliers
 Pakistan,https://www.stoneadd.com/Pakistan-Stone-Suppliers
 Saudi Arabia,https://www.stoneadd.com/Saudi-Arabia-Stone-Suppliers
 Afghanistan,https://www.stoneadd.com/Afghanistan-Stone-Suppliers
 Azerbaijan,https://www.stoneadd.com/Azerbaijan-Stone-Suppliers
 Bahrain,https://www.stoneadd.com/Bahrain-Stone-Suppliers
 Bangladesh,https://www.stoneadd.com/Bangladesh-Stone-Suppliers
 Cambodia,https://www.stoneadd.com/Cambodia-Stone-Suppliers
 China,https://www.stoneadd.com/China-Stone-Suppliers
 Hong Kong,https://www.stoneadd.com/Hong-Kong-Stone-Suppliers
 India,https://www.stoneadd.com/India-Stone-Suppliers
 Indonesia,https://www.stoneadd.com/Indonesia-Stone-Suppliers
 Iran,https://www.stoneadd.com/Iran-Stone-Suppliers
 Iraq,https://www.stoneadd.com/Iraq-Stone-Suppliers
 Israel,https://www.stoneadd.com/Israel-Stone-Suppliers
 Japan,https://www.stoneadd.com/Japan-Stone-Suppliers
 Jordan,https://www.stoneadd.com/Jordan-Stone-Suppliers
 Kazakhstan,https://www.stoneadd.com/Kazakhstan-Stone-Suppliers
 Kosovo,https://www.stoneadd.com/Kosovo-Stone-Suppliers
 Kuwait,https://www.stoneadd.com/Kuwait-Stone-Suppliers
 Kyrgyzstan,https://www.stoneadd.com/Kyrgyzstan-Stone-Suppliers
 Lebanon,https://www.stoneadd.com/Lebanon-Stone-Suppliers
 Libya,https://www.stoneadd.com/Libya-Stone-Suppliers
 Macau,https://www.stoneadd.com/Macau-Stone-Suppliers
 Malaysia,https://www.stoneadd.com/Malaysia-Stone-Suppliers
 Mongolia,https://www.stoneadd.com/Mongolia-Stone-Suppliers
 Myanmar,https://www.stoneadd.com/Myanmar-Stone-Suppliers
 Nepal,https://www.stoneadd.com/Nepal-Stone-Suppliers
 Oman,https://www.stoneadd.com/Oman-Stone-Suppliers
 Pakistan,https://www.stoneadd.com/Pakistan-Stone-Suppliers
 Palestine,https://www.stoneadd.com/Palestine-Stone-Suppliers
 Philippines,https://www.stoneadd.com/Philippines-Stone-Suppliers
 Qatar,https://www.stoneadd.com/Qatar-Stone-Suppliers
 Saudi Arabia,https://www.stoneadd.com/Saudi-Stone-Suppliers
 Singapore,https://www.stoneadd.com/Singapore-Stone-Suppliers
 South Korea,https://www.stoneadd.com/South-Korea-Stone-Suppliers
 Sri Lanka,https://www.stoneadd.com/Sri-Lanka-Stone-Suppliers
 Syria,https://www.stoneadd.com/Syria-Stone-Suppliers
 Taiwan,https://www.stoneadd.com/Taiwan-Stone-Suppliers
 Thailand,https://www.stoneadd.com/Thailand-Stone-Suppliers
 Turkey,https://www.stoneadd.com/Turkey-Stone-Suppliers
 Turkmenistan,https://www.stoneadd.com/Turkmenistan-Stone-Suppliers
 United Arab Emirates,https://www.stoneadd.com/UAE-Stone-Suppliers
 Uzbekistan,https://www.stoneadd.com/Uzbekistan-Stone-Suppliers
 Vietnam,https://www.stoneadd.com/Vietnam-Stone-Suppliers
 Yemen,https://www.stoneadd.com/Yemen-Stone-Suppliers
 Italy,https://www.stoneadd.com/Italy-Stone-Suppliers
 Greece,https://www.stoneadd.com/Greece-Stone-Suppliers
 Spain,https://www.stoneadd.com/Spain-Stone-Suppliers
 Portugal,https://www.stoneadd.com/Portugal-Stone-Suppliers
 Finland,https://www.stoneadd.com/Finland-Stone-Suppliers
 Norway,https://www.stoneadd.com/Norway-Stone-Suppliers
 Ukraine,https://www.stoneadd.com/Ukraine-Stone-Suppliers
 Albania,https://www.stoneadd.com/Albania-Stone-Suppliers
 Armenia,https://www.stoneadd.com/Armenia-Stone-Suppliers
 Austria,https://www.stoneadd.com/Austria-Stone-Suppliers
 Belarus,https://www.stoneadd.com/Belarus-Stone-Suppliers
 Belgium,https://www.stoneadd.com/Belgium-Stone-Suppliers
 Bulgaria,https://www.stoneadd.com/Bulgaria-Stone-Suppliers
 Croatia,https://www.stoneadd.com/Croatia-Stone-Suppliers
 Cyprus,https://www.stoneadd.com/Cyprus-Stone-Suppliers
 Czech Republic,https://www.stoneadd.com/Czech-Stone-Suppliers
 Denmark,https://www.stoneadd.com/Denmark-Stone-Suppliers
 Estonia,https://www.stoneadd.com/Estonia-Stone-Suppliers
 Faroe Islands,https://www.stoneadd.com/Faroe-Islands-Stone-Suppliers
 Finland,https://www.stoneadd.com/Finland-Stone-Suppliers
 France,https://www.stoneadd.com/France-Stone-Suppliers
 Georgia,https://www.stoneadd.com/Georgia-Stone-Suppliers
 Germany,https://www.stoneadd.com/Germany-Stone-Suppliers
 Greece,https://www.stoneadd.com/Greece-Stone-Suppliers
 Hungary,https://www.stoneadd.com/Hungary-Stone-Suppliers
 Iceland,https://www.stoneadd.com/Iceland-Stone-Suppliers
 Ireland,https://www.stoneadd.com/Ireland-Stone-Suppliers
 Italy,https://www.stoneadd.com/Italy-Stone-Suppliers
 Latvia,https://www.stoneadd.com/Latvia-Stone-Suppliers
 Liechtenstein,https://www.stoneadd.com/Liechtenstein-Stone-Suppliers
 Lithuania,https://www.stoneadd.com/Lithuania-Stone-Suppliers
 Luxembourg,https://www.stoneadd.com/Luxembourg-Stone-Suppliers
 Malta,https://www.stoneadd.com/Malta-Stone-Suppliers
 Moldova,https://www.stoneadd.com/Moldova-Stone-Suppliers
 Monaco,https://www.stoneadd.com/Monaco-Stone-Suppliers
 Montenegro,https://www.stoneadd.com/Montenegro-Stone-Suppliers
 Netherlands,https://www.stoneadd.com/Netherlands-Stone-Suppliers
 North Macedonia,https://www.stoneadd.com/North-Macedonia-Stone-Suppliers
 Norway,https://www.stoneadd.com/Norway-Stone-Suppliers
 Poland,https://www.stoneadd.com/Poland-Stone-Suppliers
 Portugal,https://www.stoneadd.com/Portugal-Stone-Suppliers
 Romania,https://www.stoneadd.com/Romania-Stone-Suppliers
 Russia,https://www.stoneadd.com/Russia-Stone-Suppliers
 San Marino,https://www.stoneadd.com/San-Marino-Stone-Suppliers
 Serbia,https://www.stoneadd.com/Serbia-Stone-Suppliers
 Slovakia,https://www.stoneadd.com/Slovakia-Stone-Suppliers
 Slovenia,https://www.stoneadd.com/Slovenia-Stone-Suppliers
 Spain,https://www.stoneadd.com/Spain-Stone-Suppliers
 Sweden,https://www.stoneadd.com/Sweden-Stone-Suppliers
 Switzerland,https://www.stoneadd.com/Switzerland-Stone-Suppliers
 Ukraine,https://www.stoneadd.com/Ukraine-Stone-Suppliers
 United Kingdom,https://www.stoneadd.com/UK-Stone-Suppliers
 Brazil,https://www.stoneadd.com/Brazil-Stone-Suppliers
 Argentina,https://www.stoneadd.com/Argentina-Stone-Suppliers
 Bahamas,https://www.stoneadd.com/Bahamas-Stone-Suppliers
 Barbados,https://www.stoneadd.com/Barbados-Stone-Suppliers
 Belize,https://www.stoneadd.com/Belize-Stone-Suppliers
 Bolivia,https://www.stoneadd.com/Bolivia-Stone-Suppliers
 Bosnia and Herzegovina,https://www.stoneadd.com/Bosnia-and-Herzegovina-Stone-Suppliers
 Brazil,https://www.stoneadd.com/Brazil-Stone-Suppliers
 Cayman Islands,https://www.stoneadd.com/Cayman-Islands-Stone-Suppliers
 Chile,https://www.stoneadd.com/Chile-Stone-Suppliers
 Colombia,https://www.stoneadd.com/Colombia-Stone-Suppliers
 Costa Rica,https://www.stoneadd.com/Costa-Rica-Stone-Suppliers
 Cuba,https://www.stoneadd.com/Cuba-Stone-Suppliers
 Dominican Republic,https://www.stoneadd.com/Dominican-Republic-Stone-Suppliers
 Ecuador,https://www.stoneadd.com/Ecuador-Stone-Suppliers
 El Salvador,https://www.stoneadd.com/El-Salvador-Stone-Suppliers
 French Guiana,https://www.stoneadd.com/French-Guiana-Stone-Suppliers
 Guadeloupe,https://www.stoneadd.com/Guadeloupe-Stone-Suppliers
 Guatemala,https://www.stoneadd.com/Guatemala-Stone-Suppliers
 Haiti,https://www.stoneadd.com/Haiti-Stone-Suppliers
 Honduras,https://www.stoneadd.com/Honduras-Stone-Suppliers
 Jamaica,https://www.stoneadd.com/Jamaica-Stone-Suppliers
 Mexico,https://www.stoneadd.com/Mexico-Stone-Suppliers
 Netherlands Antilles,https://www.stoneadd.com/Netherlands-Antilles-Stone-Suppliers
 Nicaragua,https://www.stoneadd.com/Nicaragua-Stone-Suppliers
 Panama,https://www.stoneadd.com/Panama-Stone-Suppliers
 Paraguay,https://www.stoneadd.com/Paraguay-Stone-Suppliers
 Peru,https://www.stoneadd.com/Peru-Stone-Suppliers
 Puerto Rico,https://www.stoneadd.com/Puerto-Rico-Stone-Suppliers
 Saint Lucia,https://www.stoneadd.com/Saint-Lucia-Stone-Suppliers
 Suriname,https://www.stoneadd.com/Suriname-Stone-Suppliers
 Trinidad and Tobago,https://www.stoneadd.com/Trinidad-and-Tobago-Stone-Suppliers
 Uruguay,https://www.stoneadd.com/Uruguay-Stone-Suppliers
 Venezuela,https://www.stoneadd.com/Venezuela-Stone-Suppliers
 Egypt,https://www.stoneadd.com/Egypt-Stone-Suppliers
 South Africa,https://www.stoneadd.com/South-Africa-Stone-Suppliers
 Algeria,https://www.stoneadd.com/Algeria-Stone-Suppliers
 Angola,https://www.stoneadd.com/Angola-Stone-Suppliers
 Benin,https://www.stoneadd.com/Benin-Stone-Suppliers
 Cameroon,https://www.stoneadd.com/Cameroon-Stone-Suppliers
 Congo,https://www.stoneadd.com/Congo-Stone-Suppliers
 Egypt,https://www.stoneadd.com/Egypt-Stone-Suppliers
 Eritrea,https://www.stoneadd.com/Eritrea-Stone-Suppliers
 Ethiopia,https://www.stoneadd.com/Ethiopia-Stone-Suppliers
 Ghana,https://www.stoneadd.com/Ghana-Stone-Suppliers
 Kenya,https://www.stoneadd.com/Kenya-Stone-Suppliers
 Lesotho,https://www.stoneadd.com/Lesotho-Stone-Suppliers
 Liberia,https://www.stoneadd.com/Liberia-Stone-Suppliers
 Libya,https://www.stoneadd.com/Libya-Stone-Suppliers
 Madagascar,https://www.stoneadd.com/Madagascar-Stone-Suppliers
 Mauritania,https://www.stoneadd.com/Mauritania-Stone-Suppliers
 Mauritius,https://www.stoneadd.com/Mauritius-Stone-Suppliers
 Morocco,https://www.stoneadd.com/Morocco-Stone-Suppliers
 Mozambique,https://www.stoneadd.com/Mozambique-Stone-Suppliers
 Namibia,https://www.stoneadd.com/Namibia-Stone-Suppliers
 Nigeria,https://www.stoneadd.com/Nigeria-Stone-Suppliers
 Rwanda,https://www.stoneadd.com/Rwanda-Stone-Suppliers
 Senegal,https://www.stoneadd.com/Senegal-Stone-Suppliers
 Seychelles,https://www.stoneadd.com/Seychelles-Stone-Suppliers
 Somalia,https://www.stoneadd.com/Somalia-Stone-Suppliers
 South Africa,https://www.stoneadd.com/South-Africa-Stone-Suppliers
 Swaziland,https://www.stoneadd.com/Swaziland-Stone-Suppliers
 Tanzania,https://www.stoneadd.com/Tanzania-Stone-Suppliers
 Togo,https://www.stoneadd.com/Togo-Stone-Suppliers
 Tunisia,https://www.stoneadd.com/Tunisia-Stone-Suppliers
 Uganda,https://www.stoneadd.com/Uganda-Stone-Suppliers
 Zambia,https://www.stoneadd.com/Zambia-Stone-Suppliers
 Zimbabwe,https://www.stoneadd.com/Zimbabwe-Stone-Suppliers
 United States,https://www.stoneadd.com/USA-Stone-Suppliers
 Canada,https://www.stoneadd.com/Canada-Stone-Suppliers
 United States,https://www.stoneadd.com/USA-Stone-Suppliers
 Australia,https://www.stoneadd.com/Australia-Stone-Suppliers
 Australia,https://www.stoneadd.com/Australia-Stone-Suppliers
 Bermuda,https://www.stoneadd.com/Bermuda-Stone-Suppliers
 New Zealand,https://www.stoneadd.com/New-Zealand-Stone-Suppliers
 Solomon Islands,https://www.stoneadd.com/Solomon-Islands-Stone-Suppliers
